<?xml version="1.0" encoding="UTF-8"?>
<service id="remoting-service" class="flex.messaging.services.RemotingService">
	<adapters>
		<adapter-definition id="java-object"
			class="flex.messaging.services.remoting.adapters.JavaAdapter"
			default="true" />
	</adapters>
	<default-channels>
		<channel ref="my-amf" />
	</default-channels>
    
	<!-- ADC Demo application -->
	<destination id="consultantService">
		<properties>
			<source>com.adobe.demo.ConsultantService
			</source>
		</properties>
	</destination>
</service>