<?xml version="1.0" encoding="UTF-8" ?>
<!DOCTYPE log4j:configuration SYSTEM "log4j.dtd">

<log4j:configuration debug="false"
	xmlns:log4j="http://jakarta.apache.org/log4j/">

	<appender name="STDOUT" class="org.apache.log4j.ConsoleAppender">
		<param name="target" value="System.out" />
		<layout class="org.apache.log4j.PatternLayout">
			<param name="ConversionPattern"
				value="%d{HH:mm:ss.SSS}  %-5p  %-40.70C{6} %x - %m%n" />
		</layout>
	</appender>

	<appender name="ADC_DEMO"
		class="org.apache.log4j.RollingFileAppender">

		<!-- Change the log path and file name here! -->
		<param name="File" value="c:/ADC/logs/adc.log" />
		<param name="Append" value="true" />
		<param name="MaxFileSize" value="2MB" />
		<param name="MaxBackupIndex" value="8" />
		<layout class="org.apache.log4j.PatternLayout">
			<param name="ConversionPattern"
				value="%d{HH:mm:ss.SSS}  %-5p  %-40.70C{6} %x - %m%n" />
		</layout>
	</appender>

	<appender name="LOG_APACHE"
		class="org.apache.log4j.RollingFileAppender">

		<!-- Change the log path and file name here! -->
		<param name="File" value="c:/ADC/logs/apache.log" />
		<param name="Append" value="true" />
		<param name="MaxFileSize" value="2MB" />
		<param name="MaxBackupIndex" value="8" />
		<layout class="org.apache.log4j.PatternLayout">
			<param name="ConversionPattern"
				value="%d{HH:mm:ss.SSS}  %-5p  %-40.70C{6} %x - %m%n" />
		</layout>
	</appender>

	<logger name="com.adobe" additivity="false">
		<level value="DEBUG" />
		<appender-ref ref="ADC_DEMO" />
		<appender-ref ref="STDOUT" />
	</logger>

	<!-- Hibernate -->
	<logger name="org.hibernate">
		<level value="WARN" />
	</logger>

	<!-- Apache Commons -->
	<logger name="org.apache.commons">
		<level value="INFO" />
		<appender-ref ref="LOG_APACHE" />
		<appender-ref ref="STDOUT" />
	</logger>

	<!-- Apache Jasper -->
	<logger name="org.apache.jasper">
		<level value="INFO" />
		<appender-ref ref="LOG_APACHE" />
		<appender-ref ref="STDOUT" />
	</logger>

	<!-- Apache Catalina -->
	<logger name="org.apache.catalina">
		<level value="INFO" />
		<appender-ref ref="LOG_APACHE" />
		<appender-ref ref="STDOUT" />
	</logger>

	<!-- Apache Coyote -->
	<logger name="org.apache.coyote">
		<level value="INFO" />
		<appender-ref ref="LOG_APACHE" />
		<appender-ref ref="STDOUT" />
	</logger>

	<logger name="net">
		<level value="WARN" />
		<appender-ref ref="ADC_DEMO" />
		<appender-ref ref="STDOUT" />
	</logger>

	<!--
		DEFAULT: All log message are send to Appender ADC_DEMO and STDOUT.
		Log Level Order: DEBUG, INFO, WARN, ERROR, FATAL
	-->
	<root>
		<priority value="DEBUG" />
		<appender-ref ref="STDOUT" />
		<appender-ref ref="ADC_DEMO" />
	</root>

</log4j:configuration>